model_name,mae,rmse,r2
Baseline MLP (GridSearch),448.3196965656991,571.8594254214445,0.28290558227705265
Baseline GMDH (GridSearch),534.2440302550068,656.2491180446996,0.0556450956951825
MFO-MLP,457.696242642993,573.8885778893429,0.27780756193286515
ZHA-MLP,458.65787468502685,574.2417213359231,0.27691848344125547
CSA-MLP,458.9677485405262,574.5989107199105,0.27601866248254014
MFO-GMDH,530.6765606489885,651.5700777842613,0.0690635429738432
ZHA-GMDH,530.6765606489885,651.5700777842613,0.0690635429738432
CSA-GMDH,530.6765606489885,651.5700777842613,0.0690635429738432
